{"cameraMode":{"drawMode":0,"name":"Shaded","section":"Shading Mode"},"sceneLighting":false,"audioPlay":false,"sceneViewState":{"m_AlwaysRefresh":false,"showFog":false,"showSkybox":false,"showFlares":false,"showImageEffects":false,"showParticleSystems":false,"showVisualEffectGraphs":true,"m_FxEnabled":true},"in2DMode":false,"pivot":{"x":-0.186599999666214,"y":0.7931165099143982,"z":-0.7011131644248962},"rotation":{"x":0.004322272725403309,"y":0.9870163798332214,"z":-0.15828144550323487,"w":0.026953192427754403},"size":1.1315704584121705,"orthographic":false}