{"cameraMode":{"drawMode":0,"name":"Shaded","section":"Shading Mode"},"sceneLighting":false,"audioPlay":false,"sceneViewState":{"m_AlwaysRefresh":false,"showFog":true,"showSkybox":false,"showFlares":true,"showImageEffects":true,"showParticleSystems":true,"showVisualEffectGraphs":true,"m_FxEnabled":false},"in2DMode":false,"pivot":{"x":0.547711193561554,"y":3.6307475566864015,"z":-0.18530035018920899},"rotation":{"x":-0.23669077455997468,"y":0.11249938607215882,"z":-0.027603261172771455,"w":-0.9646548628807068},"size":5.067181587219238,"orthographic":false}