{"cameraMode":{"drawMode":0,"name":"Shaded","section":"Shading Mode"},"sceneLighting":true,"audioPlay":false,"sceneViewState":{"m_AlwaysRefresh":false,"showFog":true,"showSkybox":false,"showFlares":true,"showImageEffects":true,"showParticleSystems":true,"showVisualEffectGraphs":true,"m_FxEnabled":false},"in2DMode":false,"pivot":{"x":12.729499816894532,"y":0.6676554679870606,"z":397.5098876953125},"rotation":{"x":-0.6168134212493897,"y":0.033735111355781558,"z":-0.026475707069039346,"w":-0.7859401106834412},"size":4.130878925323486,"orthographic":false}