{"cameraMode":{"drawMode":0,"name":"Shaded","section":"Shading Mode"},"sceneLighting":false,"audioPlay":false,"sceneViewState":{"m_AlwaysRefresh":false,"showFog":true,"showSkybox":false,"showFlares":true,"showImageEffects":true,"showParticleSystems":true,"showVisualEffectGraphs":true,"m_FxEnabled":false},"in2DMode":false,"pivot":{"x":-0.8338519334793091,"y":0.6130483150482178,"z":0.09969635307788849},"rotation":{"x":-0.04974082484841347,"y":0.8826190233230591,"z":-0.45749446749687197,"w":-0.09596224874258042},"size":0.22039292752742768,"orthographic":false}