{"cameraMode":{"drawMode":0,"name":"Shaded","section":"Shading Mode"},"sceneLighting":true,"audioPlay":false,"sceneViewState":{"m_AlwaysRefresh":false,"showFog":true,"showSkybox":true,"showFlares":true,"showImageEffects":true,"showParticleSystems":true,"showVisualEffectGraphs":true,"m_FxEnabled":false},"in2DMode":false,"pivot":{"x":28.08865737915039,"y":82.26770782470703,"z":105.86447143554688},"rotation":{"x":-0.04974082484841347,"y":0.8826190233230591,"z":-0.45749446749687197,"w":-0.09596224874258042},"size":2.9009459018707277,"orthographic":false}