{"cameraMode":{"drawMode":0,"name":"Shaded","section":"Shading Mode"},"sceneLighting":false,"audioPlay":false,"sceneViewState":{"m_AlwaysRefresh":false,"showFog":true,"showSkybox":false,"showFlares":true,"showImageEffects":true,"showParticleSystems":true,"showVisualEffectGraphs":true,"m_FxEnabled":false},"in2DMode":false,"pivot":{"x":-218.60000610351563,"y":-0.9118213653564453,"z":466.8800048828125},"rotation":{"x":-0.19949010014533997,"y":-0.04026404768228531,"z":0.008204246871173382,"w":-0.9790380001068115},"size":3.164485454559326,"orthographic":false}