{"cameraMode":{"drawMode":0,"name":"Shaded","section":"Shading Mode"},"sceneLighting":false,"audioPlay":false,"sceneViewState":{"m_AlwaysRefresh":false,"showFog":true,"showSkybox":false,"showFlares":true,"showImageEffects":true,"showParticleSystems":true,"showVisualEffectGraphs":true,"m_FxEnabled":true},"in2DMode":false,"pivot":{"x":-0.00016796588897705078,"y":0.7566945552825928,"z":0.020447850227355958},"rotation":{"x":-0.06337734311819077,"y":0.932441771030426,"z":0.20165959000587464,"w":0.29304319620132449},"size":1.1315704584121705,"orthographic":false}