{"cameraMode":{"drawMode":0,"name":"Shaded","section":"Shading Mode"},"sceneLighting":true,"audioPlay":false,"sceneViewState":{"m_AlwaysRefresh":false,"showFog":true,"showSkybox":true,"showFlares":true,"showImageEffects":true,"showParticleSystems":true,"showVisualEffectGraphs":true,"m_FxEnabled":true},"in2DMode":false,"pivot":{"x":-137.39199829101563,"y":1.4110002517700196,"z":108.36299896240235},"rotation":{"x":-0.18867120146751405,"y":0.3205733299255371,"z":-0.06532047688961029,"w":-0.9259419441223145},"size":12.12435531616211,"orthographic":false}